DATAFLOW,LAST UPDATE,freq,indic_em,sex,age,unit,geo,TIME_PERIOD,OBS_VALUE,OBS_FLAG
ESTAT:TESEM050(1.0),24/02/22 23:00:00,A,EMP_LFS,T,Y55-64,PC_POP,AT,2009,39.4,
ESTAT:TESEM050(1.0),24/02/22 23:00:00,A,EMP_LFS,T,Y55-64,PC_POP,AT,2010,41.2,
ESTAT:TESEM050(1.0),24/02/22 23:00:00,A,EMP_LFS,T,Y55-64,PC_POP,AT,2011,39.9,
ESTAT:TESEM050(1.0),24/02/22 23:00:00,A,EMP_LFS,T,Y55-64,PC_POP,AT,2012,41.6,
ESTAT:TESEM050(1.0),24/02/22 23:00:00,A,EMP_LFS,T,Y55-64,PC_POP,AT,2013,43.8,
ESTAT:TESEM050(1.0),24/02/22 23:00:00,A,EMP_LFS,T,Y55-64,PC_POP,AT,2014,45.1,
ESTAT:TESEM050(1.0),24/02/22 23:00:00,A,EMP_LFS,T,Y55-64,PC_POP,AT,2015,46.3,
ESTAT:TESEM050(1.0),24/02/22 23:00:00,A,EMP_LFS,T,Y55-64,PC_POP,AT,2016,49.2,
ESTAT:TESEM050(1.0),24/02/22 23:00:00,A,EMP_LFS,T,Y55-64,PC_POP,AT,2017,51.3,
ESTAT:TESEM050(1.0),24/02/22 23:00:00,A,EMP_LFS,T,Y55-64,PC_POP,AT,2018,54.0,
ESTAT:TESEM050(1.0),24/02/22 23:00:00,A,EMP_LFS,T,Y55-64,PC_POP,AT,2019,54.5,
ESTAT:TESEM050(1.0),24/02/22 23:00:00,A,EMP_LFS,T,Y55-64,PC_POP,AT,2020,54.2,
ESTAT:TESEM050(1.0),24/02/22 23:00:00,A,EMP_LFS,T,Y55-64,PC_POP,BE,2009,35.3,
ESTAT:TESEM050(1.0),24/02/22 23:00:00,A,EMP_LFS,T,Y55-64,PC_POP,BE,2010,37.3,
ESTAT:TESEM050(1.0),24/02/22 23:00:00,A,EMP_LFS,T,Y55-64,PC_POP,BE,2011,38.7,
ESTAT:TESEM050(1.0),24/02/22 23:00:00,A,EMP_LFS,T,Y55-64,PC_POP,BE,2012,39.5,
ESTAT:TESEM050(1.0),24/02/22 23:00:00,A,EMP_LFS,T,Y55-64,PC_POP,BE,2013,41.7,
ESTAT:TESEM050(1.0),24/02/22 23:00:00,A,EMP_LFS,T,Y55-64,PC_POP,BE,2014,42.7,
ESTAT:TESEM050(1.0),24/02/22 23:00:00,A,EMP_LFS,T,Y55-64,PC_POP,BE,2015,44.0,
ESTAT:TESEM050(1.0),24/02/22 23:00:00,A,EMP_LFS,T,Y55-64,PC_POP,BE,2016,45.4,
ESTAT:TESEM050(1.0),24/02/22 23:00:00,A,EMP_LFS,T,Y55-64,PC_POP,BE,2017,48.3,b
ESTAT:TESEM050(1.0),24/02/22 23:00:00,A,EMP_LFS,T,Y55-64,PC_POP,BE,2018,50.3,
ESTAT:TESEM050(1.0),24/02/22 23:00:00,A,EMP_LFS,T,Y55-64,PC_POP,BE,2019,52.1,
ESTAT:TESEM050(1.0),24/02/22 23:00:00,A,EMP_LFS,T,Y55-64,PC_POP,BE,2020,53.1,
ESTAT:TESEM050(1.0),24/02/22 23:00:00,A,EMP_LFS,T,Y55-64,PC_POP,BG,2009,45.4,
ESTAT:TESEM050(1.0),24/02/22 23:00:00,A,EMP_LFS,T,Y55-64,PC_POP,BG,2010,44.2,b
ESTAT:TESEM050(1.0),24/02/22 23:00:00,A,EMP_LFS,T,Y55-64,PC_POP,BG,2011,44.0,b
ESTAT:TESEM050(1.0),24/02/22 23:00:00,A,EMP_LFS,T,Y55-64,PC_POP,BG,2012,45.1,
ESTAT:TESEM050(1.0),24/02/22 23:00:00,A,EMP_LFS,T,Y55-64,PC_POP,BG,2013,46.8,
ESTAT:TESEM050(1.0),24/02/22 23:00:00,A,EMP_LFS,T,Y55-64,PC_POP,BG,2014,49.3,
ESTAT:TESEM050(1.0),24/02/22 23:00:00,A,EMP_LFS,T,Y55-64,PC_POP,BG,2015,52.2,
ESTAT:TESEM050(1.0),24/02/22 23:00:00,A,EMP_LFS,T,Y55-64,PC_POP,BG,2016,53.8,
ESTAT:TESEM050(1.0),24/02/22 23:00:00,A,EMP_LFS,T,Y55-64,PC_POP,BG,2017,57.4,
ESTAT:TESEM050(1.0),24/02/22 23:00:00,A,EMP_LFS,T,Y55-64,PC_POP,BG,2018,59.9,
ESTAT:TESEM050(1.0),24/02/22 23:00:00,A,EMP_LFS,T,Y55-64,PC_POP,BG,2019,63.5,
ESTAT:TESEM050(1.0),24/02/22 23:00:00,A,EMP_LFS,T,Y55-64,PC_POP,BG,2020,63.4,
ESTAT:TESEM050(1.0),24/02/22 23:00:00,A,EMP_LFS,T,Y55-64,PC_POP,CH,2010,66.2,b
ESTAT:TESEM050(1.0),24/02/22 23:00:00,A,EMP_LFS,T,Y55-64,PC_POP,CH,2011,67.4,
ESTAT:TESEM050(1.0),24/02/22 23:00:00,A,EMP_LFS,T,Y55-64,PC_POP,CH,2012,68.2,
ESTAT:TESEM050(1.0),24/02/22 23:00:00,A,EMP_LFS,T,Y55-64,PC_POP,CH,2013,69.3,
ESTAT:TESEM050(1.0),24/02/22 23:00:00,A,EMP_LFS,T,Y55-64,PC_POP,CH,2014,69.2,
ESTAT:TESEM050(1.0),24/02/22 23:00:00,A,EMP_LFS,T,Y55-64,PC_POP,CH,2015,70.3,
ESTAT:TESEM050(1.0),24/02/22 23:00:00,A,EMP_LFS,T,Y55-64,PC_POP,CH,2016,71.5,
ESTAT:TESEM050(1.0),24/02/22 23:00:00,A,EMP_LFS,T,Y55-64,PC_POP,CH,2017,72.2,
ESTAT:TESEM050(1.0),24/02/22 23:00:00,A,EMP_LFS,T,Y55-64,PC_POP,CH,2018,72.6,
ESTAT:TESEM050(1.0),24/02/22 23:00:00,A,EMP_LFS,T,Y55-64,PC_POP,CH,2019,73.0,
ESTAT:TESEM050(1.0),24/02/22 23:00:00,A,EMP_LFS,T,Y55-64,PC_POP,CH,2020,73.5,
ESTAT:TESEM050(1.0),24/02/22 23:00:00,A,EMP_LFS,T,Y55-64,PC_POP,CY,2009,55.7,
ESTAT:TESEM050(1.0),24/02/22 23:00:00,A,EMP_LFS,T,Y55-64,PC_POP,CY,2010,56.3,
ESTAT:TESEM050(1.0),24/02/22 23:00:00,A,EMP_LFS,T,Y55-64,PC_POP,CY,2011,54.8,
ESTAT:TESEM050(1.0),24/02/22 23:00:00,A,EMP_LFS,T,Y55-64,PC_POP,CY,2012,50.7,
ESTAT:TESEM050(1.0),24/02/22 23:00:00,A,EMP_LFS,T,Y55-64,PC_POP,CY,2013,49.6,
ESTAT:TESEM050(1.0),24/02/22 23:00:00,A,EMP_LFS,T,Y55-64,PC_POP,CY,2014,46.9,
ESTAT:TESEM050(1.0),24/02/22 23:00:00,A,EMP_LFS,T,Y55-64,PC_POP,CY,2015,48.5,
ESTAT:TESEM050(1.0),24/02/22 23:00:00,A,EMP_LFS,T,Y55-64,PC_POP,CY,2016,52.2,
ESTAT:TESEM050(1.0),24/02/22 23:00:00,A,EMP_LFS,T,Y55-64,PC_POP,CY,2017,55.3,
ESTAT:TESEM050(1.0),24/02/22 23:00:00,A,EMP_LFS,T,Y55-64,PC_POP,CY,2018,60.9,
ESTAT:TESEM050(1.0),24/02/22 23:00:00,A,EMP_LFS,T,Y55-64,PC_POP,CY,2019,61.1,
ESTAT:TESEM050(1.0),24/02/22 23:00:00,A,EMP_LFS,T,Y55-64,PC_POP,CY,2020,61.0,
ESTAT:TESEM050(1.0),24/02/22 23:00:00,A,EMP_LFS,T,Y55-64,PC_POP,CZ,2009,46.8,
ESTAT:TESEM050(1.0),24/02/22 23:00:00,A,EMP_LFS,T,Y55-64,PC_POP,CZ,2010,46.5,
ESTAT:TESEM050(1.0),24/02/22 23:00:00,A,EMP_LFS,T,Y55-64,PC_POP,CZ,2011,47.7,b
ESTAT:TESEM050(1.0),24/02/22 23:00:00,A,EMP_LFS,T,Y55-64,PC_POP,CZ,2012,49.3,
ESTAT:TESEM050(1.0),24/02/22 23:00:00,A,EMP_LFS,T,Y55-64,PC_POP,CZ,2013,51.6,
ESTAT:TESEM050(1.0),24/02/22 23:00:00,A,EMP_LFS,T,Y55-64,PC_POP,CZ,2014,54.0,
ESTAT:TESEM050(1.0),24/02/22 23:00:00,A,EMP_LFS,T,Y55-64,PC_POP,CZ,2015,55.5,
ESTAT:TESEM050(1.0),24/02/22 23:00:00,A,EMP_LFS,T,Y55-64,PC_POP,CZ,2016,58.5,
ESTAT:TESEM050(1.0),24/02/22 23:00:00,A,EMP_LFS,T,Y55-64,PC_POP,CZ,2017,62.1,
ESTAT:TESEM050(1.0),24/02/22 23:00:00,A,EMP_LFS,T,Y55-64,PC_POP,CZ,2018,65.1,
ESTAT:TESEM050(1.0),24/02/22 23:00:00,A,EMP_LFS,T,Y55-64,PC_POP,CZ,2019,66.7,
ESTAT:TESEM050(1.0),24/02/22 23:00:00,A,EMP_LFS,T,Y55-64,PC_POP,CZ,2020,68.2,
ESTAT:TESEM050(1.0),24/02/22 23:00:00,A,EMP_LFS,T,Y55-64,PC_POP,DE,2009,55.3,
ESTAT:TESEM050(1.0),24/02/22 23:00:00,A,EMP_LFS,T,Y55-64,PC_POP,DE,2010,57.0,b
ESTAT:TESEM050(1.0),24/02/22 23:00:00,A,EMP_LFS,T,Y55-64,PC_POP,DE,2011,59.2,b
ESTAT:TESEM050(1.0),24/02/22 23:00:00,A,EMP_LFS,T,Y55-64,PC_POP,DE,2012,60.7,
ESTAT:TESEM050(1.0),24/02/22 23:00:00,A,EMP_LFS,T,Y55-64,PC_POP,DE,2013,62.7,
ESTAT:TESEM050(1.0),24/02/22 23:00:00,A,EMP_LFS,T,Y55-64,PC_POP,DE,2014,64.6,
ESTAT:TESEM050(1.0),24/02/22 23:00:00,A,EMP_LFS,T,Y55-64,PC_POP,DE,2015,65.2,
ESTAT:TESEM050(1.0),24/02/22 23:00:00,A,EMP_LFS,T,Y55-64,PC_POP,DE,2016,67.6,
ESTAT:TESEM050(1.0),24/02/22 23:00:00,A,EMP_LFS,T,Y55-64,PC_POP,DE,2017,69.1,
ESTAT:TESEM050(1.0),24/02/22 23:00:00,A,EMP_LFS,T,Y55-64,PC_POP,DE,2018,70.4,
ESTAT:TESEM050(1.0),24/02/22 23:00:00,A,EMP_LFS,T,Y55-64,PC_POP,DE,2019,71.6,
ESTAT:TESEM050(1.0),24/02/22 23:00:00,A,EMP_LFS,T,Y55-64,PC_POP,DE,2020,70.6,bp
ESTAT:TESEM050(1.0),24/02/22 23:00:00,A,EMP_LFS,T,Y55-64,PC_POP,DK,2009,54.7,
ESTAT:TESEM050(1.0),24/02/22 23:00:00,A,EMP_LFS,T,Y55-64,PC_POP,DK,2010,55.5,
ESTAT:TESEM050(1.0),24/02/22 23:00:00,A,EMP_LFS,T,Y55-64,PC_POP,DK,2011,57.0,
ESTAT:TESEM050(1.0),24/02/22 23:00:00,A,EMP_LFS,T,Y55-64,PC_POP,DK,2012,57.9,
ESTAT:TESEM050(1.0),24/02/22 23:00:00,A,EMP_LFS,T,Y55-64,PC_POP,DK,2013,58.8,
ESTAT:TESEM050(1.0),24/02/22 23:00:00,A,EMP_LFS,T,Y55-64,PC_POP,DK,2014,60.7,
ESTAT:TESEM050(1.0),24/02/22 23:00:00,A,EMP_LFS,T,Y55-64,PC_POP,DK,2015,63.0,
ESTAT:TESEM050(1.0),24/02/22 23:00:00,A,EMP_LFS,T,Y55-64,PC_POP,DK,2016,65.8,b
ESTAT:TESEM050(1.0),24/02/22 23:00:00,A,EMP_LFS,T,Y55-64,PC_POP,DK,2017,68.2,b
ESTAT:TESEM050(1.0),24/02/22 23:00:00,A,EMP_LFS,T,Y55-64,PC_POP,DK,2018,69.2,
ESTAT:TESEM050(1.0),24/02/22 23:00:00,A,EMP_LFS,T,Y55-64,PC_POP,DK,2019,71.3,
ESTAT:TESEM050(1.0),24/02/22 23:00:00,A,EMP_LFS,T,Y55-64,PC_POP,DK,2020,71.4,
ESTAT:TESEM050(1.0),24/02/22 23:00:00,A,EMP_LFS,T,Y55-64,PC_POP,EA19,2009,44.7,
ESTAT:TESEM050(1.0),24/02/22 23:00:00,A,EMP_LFS,T,Y55-64,PC_POP,EA19,2010,45.4,
ESTAT:TESEM050(1.0),24/02/22 23:00:00,A,EMP_LFS,T,Y55-64,PC_POP,EA19,2011,46.7,
ESTAT:TESEM050(1.0),24/02/22 23:00:00,A,EMP_LFS,T,Y55-64,PC_POP,EA19,2012,48.3,
ESTAT:TESEM050(1.0),24/02/22 23:00:00,A,EMP_LFS,T,Y55-64,PC_POP,EA19,2013,49.7,
ESTAT:TESEM050(1.0),24/02/22 23:00:00,A,EMP_LFS,T,Y55-64,PC_POP,EA19,2014,51.5,
ESTAT:TESEM050(1.0),24/02/22 23:00:00,A,EMP_LFS,T,Y55-64,PC_POP,EA19,2015,53.1,
ESTAT:TESEM050(1.0),24/02/22 23:00:00,A,EMP_LFS,T,Y55-64,PC_POP,EA19,2016,55.1,
ESTAT:TESEM050(1.0),24/02/22 23:00:00,A,EMP_LFS,T,Y55-64,PC_POP,EA19,2017,57.0,
ESTAT:TESEM050(1.0),24/02/22 23:00:00,A,EMP_LFS,T,Y55-64,PC_POP,EA19,2018,58.6,
ESTAT:TESEM050(1.0),24/02/22 23:00:00,A,EMP_LFS,T,Y55-64,PC_POP,EA19,2019,59.9,
ESTAT:TESEM050(1.0),24/02/22 23:00:00,A,EMP_LFS,T,Y55-64,PC_POP,EA19,2020,59.8,
ESTAT:TESEM050(1.0),24/02/22 23:00:00,A,EMP_LFS,T,Y55-64,PC_POP,EE,2009,60.3,
ESTAT:TESEM050(1.0),24/02/22 23:00:00,A,EMP_LFS,T,Y55-64,PC_POP,EE,2010,53.8,
ESTAT:TESEM050(1.0),24/02/22 23:00:00,A,EMP_LFS,T,Y55-64,PC_POP,EE,2011,57.5,
ESTAT:TESEM050(1.0),24/02/22 23:00:00,A,EMP_LFS,T,Y55-64,PC_POP,EE,2012,60.5,
ESTAT:TESEM050(1.0),24/02/22 23:00:00,A,EMP_LFS,T,Y55-64,PC_POP,EE,2013,62.6,
ESTAT:TESEM050(1.0),24/02/22 23:00:00,A,EMP_LFS,T,Y55-64,PC_POP,EE,2014,64.0,
ESTAT:TESEM050(1.0),24/02/22 23:00:00,A,EMP_LFS,T,Y55-64,PC_POP,EE,2015,64.1,
ESTAT:TESEM050(1.0),24/02/22 23:00:00,A,EMP_LFS,T,Y55-64,PC_POP,EE,2016,65.0,
ESTAT:TESEM050(1.0),24/02/22 23:00:00,A,EMP_LFS,T,Y55-64,PC_POP,EE,2017,67.9,
ESTAT:TESEM050(1.0),24/02/22 23:00:00,A,EMP_LFS,T,Y55-64,PC_POP,EE,2018,68.4,
ESTAT:TESEM050(1.0),24/02/22 23:00:00,A,EMP_LFS,T,Y55-64,PC_POP,EE,2019,71.9,
ESTAT:TESEM050(1.0),24/02/22 23:00:00,A,EMP_LFS,T,Y55-64,PC_POP,EE,2020,71.3,
ESTAT:TESEM050(1.0),24/02/22 23:00:00,A,EMP_LFS,T,Y55-64,PC_POP,EL,2009,42.3,
ESTAT:TESEM050(1.0),24/02/22 23:00:00,A,EMP_LFS,T,Y55-64,PC_POP,EL,2010,42.2,
ESTAT:TESEM050(1.0),24/02/22 23:00:00,A,EMP_LFS,T,Y55-64,PC_POP,EL,2011,39.3,
ESTAT:TESEM050(1.0),24/02/22 23:00:00,A,EMP_LFS,T,Y55-64,PC_POP,EL,2012,36.2,
ESTAT:TESEM050(1.0),24/02/22 23:00:00,A,EMP_LFS,T,Y55-64,PC_POP,EL,2013,35.3,
ESTAT:TESEM050(1.0),24/02/22 23:00:00,A,EMP_LFS,T,Y55-64,PC_POP,EL,2014,33.9,
ESTAT:TESEM050(1.0),24/02/22 23:00:00,A,EMP_LFS,T,Y55-64,PC_POP,EL,2015,34.3,
ESTAT:TESEM050(1.0),24/02/22 23:00:00,A,EMP_LFS,T,Y55-64,PC_POP,EL,2016,36.1,
ESTAT:TESEM050(1.0),24/02/22 23:00:00,A,EMP_LFS,T,Y55-64,PC_POP,EL,2017,38.1,
ESTAT:TESEM050(1.0),24/02/22 23:00:00,A,EMP_LFS,T,Y55-64,PC_POP,EL,2018,40.8,
ESTAT:TESEM050(1.0),24/02/22 23:00:00,A,EMP_LFS,T,Y55-64,PC_POP,EL,2019,42.9,
ESTAT:TESEM050(1.0),24/02/22 23:00:00,A,EMP_LFS,T,Y55-64,PC_POP,EL,2020,42.6,
ESTAT:TESEM050(1.0),24/02/22 23:00:00,A,EMP_LFS,T,Y55-64,PC_POP,ES,2009,44.0,
ESTAT:TESEM050(1.0),24/02/22 23:00:00,A,EMP_LFS,T,Y55-64,PC_POP,ES,2010,43.5,
ESTAT:TESEM050(1.0),24/02/22 23:00:00,A,EMP_LFS,T,Y55-64,PC_POP,ES,2011,44.5,
ESTAT:TESEM050(1.0),24/02/22 23:00:00,A,EMP_LFS,T,Y55-64,PC_POP,ES,2012,43.9,
ESTAT:TESEM050(1.0),24/02/22 23:00:00,A,EMP_LFS,T,Y55-64,PC_POP,ES,2013,43.2,
ESTAT:TESEM050(1.0),24/02/22 23:00:00,A,EMP_LFS,T,Y55-64,PC_POP,ES,2014,44.3,
ESTAT:TESEM050(1.0),24/02/22 23:00:00,A,EMP_LFS,T,Y55-64,PC_POP,ES,2015,46.9,
ESTAT:TESEM050(1.0),24/02/22 23:00:00,A,EMP_LFS,T,Y55-64,PC_POP,ES,2016,49.1,
ESTAT:TESEM050(1.0),24/02/22 23:00:00,A,EMP_LFS,T,Y55-64,PC_POP,ES,2017,50.5,
ESTAT:TESEM050(1.0),24/02/22 23:00:00,A,EMP_LFS,T,Y55-64,PC_POP,ES,2018,52.2,
ESTAT:TESEM050(1.0),24/02/22 23:00:00,A,EMP_LFS,T,Y55-64,PC_POP,ES,2019,53.8,
ESTAT:TESEM050(1.0),24/02/22 23:00:00,A,EMP_LFS,T,Y55-64,PC_POP,ES,2020,54.7,
ESTAT:TESEM050(1.0),24/02/22 23:00:00,A,EMP_LFS,T,Y55-64,PC_POP,EU27_2020,2009,43.3,
ESTAT:TESEM050(1.0),24/02/22 23:00:00,A,EMP_LFS,T,Y55-64,PC_POP,EU27_2020,2010,43.8,
ESTAT:TESEM050(1.0),24/02/22 23:00:00,A,EMP_LFS,T,Y55-64,PC_POP,EU27_2020,2011,45.1,
ESTAT:TESEM050(1.0),24/02/22 23:00:00,A,EMP_LFS,T,Y55-64,PC_POP,EU27_2020,2012,46.6,
ESTAT:TESEM050(1.0),24/02/22 23:00:00,A,EMP_LFS,T,Y55-64,PC_POP,EU27_2020,2013,48.0,
ESTAT:TESEM050(1.0),24/02/22 23:00:00,A,EMP_LFS,T,Y55-64,PC_POP,EU27_2020,2014,49.8,
ESTAT:TESEM050(1.0),24/02/22 23:00:00,A,EMP_LFS,T,Y55-64,PC_POP,EU27_2020,2015,51.5,
ESTAT:TESEM050(1.0),24/02/22 23:00:00,A,EMP_LFS,T,Y55-64,PC_POP,EU27_2020,2016,53.6,
ESTAT:TESEM050(1.0),24/02/22 23:00:00,A,EMP_LFS,T,Y55-64,PC_POP,EU27_2020,2017,55.6,
ESTAT:TESEM050(1.0),24/02/22 23:00:00,A,EMP_LFS,T,Y55-64,PC_POP,EU27_2020,2018,57.3,
ESTAT:TESEM050(1.0),24/02/22 23:00:00,A,EMP_LFS,T,Y55-64,PC_POP,EU27_2020,2019,58.6,
ESTAT:TESEM050(1.0),24/02/22 23:00:00,A,EMP_LFS,T,Y55-64,PC_POP,EU27_2020,2020,59.0,
ESTAT:TESEM050(1.0),24/02/22 23:00:00,A,EMP_LFS,T,Y55-64,PC_POP,FI,2009,54.8,
ESTAT:TESEM050(1.0),24/02/22 23:00:00,A,EMP_LFS,T,Y55-64,PC_POP,FI,2010,55.4,
ESTAT:TESEM050(1.0),24/02/22 23:00:00,A,EMP_LFS,T,Y55-64,PC_POP,FI,2011,56.1,
ESTAT:TESEM050(1.0),24/02/22 23:00:00,A,EMP_LFS,T,Y55-64,PC_POP,FI,2012,57.4,
ESTAT:TESEM050(1.0),24/02/22 23:00:00,A,EMP_LFS,T,Y55-64,PC_POP,FI,2013,57.8,
ESTAT:TESEM050(1.0),24/02/22 23:00:00,A,EMP_LFS,T,Y55-64,PC_POP,FI,2014,58.5,
ESTAT:TESEM050(1.0),24/02/22 23:00:00,A,EMP_LFS,T,Y55-64,PC_POP,FI,2015,59.1,
ESTAT:TESEM050(1.0),24/02/22 23:00:00,A,EMP_LFS,T,Y55-64,PC_POP,FI,2016,60.6,
ESTAT:TESEM050(1.0),24/02/22 23:00:00,A,EMP_LFS,T,Y55-64,PC_POP,FI,2017,61.7,
ESTAT:TESEM050(1.0),24/02/22 23:00:00,A,EMP_LFS,T,Y55-64,PC_POP,FI,2018,64.6,
ESTAT:TESEM050(1.0),24/02/22 23:00:00,A,EMP_LFS,T,Y55-64,PC_POP,FI,2019,65.9,
ESTAT:TESEM050(1.0),24/02/22 23:00:00,A,EMP_LFS,T,Y55-64,PC_POP,FI,2020,66.6,
ESTAT:TESEM050(1.0),24/02/22 23:00:00,A,EMP_LFS,T,Y55-64,PC_POP,FR,2005,39.8,
ESTAT:TESEM050(1.0),24/02/22 23:00:00,A,EMP_LFS,T,Y55-64,PC_POP,FR,2006,39.4,
ESTAT:TESEM050(1.0),24/02/22 23:00:00,A,EMP_LFS,T,Y55-64,PC_POP,FR,2007,39.5,
ESTAT:TESEM050(1.0),24/02/22 23:00:00,A,EMP_LFS,T,Y55-64,PC_POP,FR,2008,39.5,
ESTAT:TESEM050(1.0),24/02/22 23:00:00,A,EMP_LFS,T,Y55-64,PC_POP,FR,2009,40.2,
ESTAT:TESEM050(1.0),24/02/22 23:00:00,A,EMP_LFS,T,Y55-64,PC_POP,FR,2010,41.0,
ESTAT:TESEM050(1.0),24/02/22 23:00:00,A,EMP_LFS,T,Y55-64,PC_POP,FR,2011,42.7,
ESTAT:TESEM050(1.0),24/02/22 23:00:00,A,EMP_LFS,T,Y55-64,PC_POP,FR,2012,45.8,
ESTAT:TESEM050(1.0),24/02/22 23:00:00,A,EMP_LFS,T,Y55-64,PC_POP,FR,2013,46.9,
ESTAT:TESEM050(1.0),24/02/22 23:00:00,A,EMP_LFS,T,Y55-64,PC_POP,FR,2014,48.2,
ESTAT:TESEM050(1.0),24/02/22 23:00:00,A,EMP_LFS,T,Y55-64,PC_POP,FR,2015,50.1,
ESTAT:TESEM050(1.0),24/02/22 23:00:00,A,EMP_LFS,T,Y55-64,PC_POP,FR,2016,51.2,
ESTAT:TESEM050(1.0),24/02/22 23:00:00,A,EMP_LFS,T,Y55-64,PC_POP,FR,2017,52.6,
ESTAT:TESEM050(1.0),24/02/22 23:00:00,A,EMP_LFS,T,Y55-64,PC_POP,FR,2018,53.6,
ESTAT:TESEM050(1.0),24/02/22 23:00:00,A,EMP_LFS,T,Y55-64,PC_POP,FR,2019,54.5,
ESTAT:TESEM050(1.0),24/02/22 23:00:00,A,EMP_LFS,T,Y55-64,PC_POP,FR,2020,55.2,
ESTAT:TESEM050(1.0),24/02/22 23:00:00,A,EMP_LFS,T,Y55-64,PC_POP,HR,2009,39.4,
ESTAT:TESEM050(1.0),24/02/22 23:00:00,A,EMP_LFS,T,Y55-64,PC_POP,HR,2010,39.1,
ESTAT:TESEM050(1.0),24/02/22 23:00:00,A,EMP_LFS,T,Y55-64,PC_POP,HR,2011,38.2,
ESTAT:TESEM050(1.0),24/02/22 23:00:00,A,EMP_LFS,T,Y55-64,PC_POP,HR,2012,37.5,
ESTAT:TESEM050(1.0),24/02/22 23:00:00,A,EMP_LFS,T,Y55-64,PC_POP,HR,2013,37.8,
ESTAT:TESEM050(1.0),24/02/22 23:00:00,A,EMP_LFS,T,Y55-64,PC_POP,HR,2014,36.2,
ESTAT:TESEM050(1.0),24/02/22 23:00:00,A,EMP_LFS,T,Y55-64,PC_POP,HR,2015,39.2,
ESTAT:TESEM050(1.0),24/02/22 23:00:00,A,EMP_LFS,T,Y55-64,PC_POP,HR,2016,38.1,
ESTAT:TESEM050(1.0),24/02/22 23:00:00,A,EMP_LFS,T,Y55-64,PC_POP,HR,2017,40.3,
ESTAT:TESEM050(1.0),24/02/22 23:00:00,A,EMP_LFS,T,Y55-64,PC_POP,HR,2018,42.8,
ESTAT:TESEM050(1.0),24/02/22 23:00:00,A,EMP_LFS,T,Y55-64,PC_POP,HR,2019,43.9,
ESTAT:TESEM050(1.0),24/02/22 23:00:00,A,EMP_LFS,T,Y55-64,PC_POP,HR,2020,45.5,
ESTAT:TESEM050(1.0),24/02/22 23:00:00,A,EMP_LFS,T,Y55-64,PC_POP,HU,2009,31.9,
ESTAT:TESEM050(1.0),24/02/22 23:00:00,A,EMP_LFS,T,Y55-64,PC_POP,HU,2010,33.6,
ESTAT:TESEM050(1.0),24/02/22 23:00:00,A,EMP_LFS,T,Y55-64,PC_POP,HU,2011,35.3,
ESTAT:TESEM050(1.0),24/02/22 23:00:00,A,EMP_LFS,T,Y55-64,PC_POP,HU,2012,36.1,
ESTAT:TESEM050(1.0),24/02/22 23:00:00,A,EMP_LFS,T,Y55-64,PC_POP,HU,2013,37.9,
ESTAT:TESEM050(1.0),24/02/22 23:00:00,A,EMP_LFS,T,Y55-64,PC_POP,HU,2014,41.8,
ESTAT:TESEM050(1.0),24/02/22 23:00:00,A,EMP_LFS,T,Y55-64,PC_POP,HU,2015,45.3,
ESTAT:TESEM050(1.0),24/02/22 23:00:00,A,EMP_LFS,T,Y55-64,PC_POP,HU,2016,49.8,
ESTAT:TESEM050(1.0),24/02/22 23:00:00,A,EMP_LFS,T,Y55-64,PC_POP,HU,2017,51.7,
ESTAT:TESEM050(1.0),24/02/22 23:00:00,A,EMP_LFS,T,Y55-64,PC_POP,HU,2018,54.4,
ESTAT:TESEM050(1.0),24/02/22 23:00:00,A,EMP_LFS,T,Y55-64,PC_POP,HU,2019,56.7,
ESTAT:TESEM050(1.0),24/02/22 23:00:00,A,EMP_LFS,T,Y55-64,PC_POP,HU,2020,59.6,
ESTAT:TESEM050(1.0),24/02/22 23:00:00,A,EMP_LFS,T,Y55-64,PC_POP,IE,2009,51.2,
ESTAT:TESEM050(1.0),24/02/22 23:00:00,A,EMP_LFS,T,Y55-64,PC_POP,IE,2010,50.2,
ESTAT:TESEM050(1.0),24/02/22 23:00:00,A,EMP_LFS,T,Y55-64,PC_POP,IE,2011,50.1,
ESTAT:TESEM050(1.0),24/02/22 23:00:00,A,EMP_LFS,T,Y55-64,PC_POP,IE,2012,49.2,
ESTAT:TESEM050(1.0),24/02/22 23:00:00,A,EMP_LFS,T,Y55-64,PC_POP,IE,2013,51.2,
ESTAT:TESEM050(1.0),24/02/22 23:00:00,A,EMP_LFS,T,Y55-64,PC_POP,IE,2014,52.6,
ESTAT:TESEM050(1.0),24/02/22 23:00:00,A,EMP_LFS,T,Y55-64,PC_POP,IE,2015,55.4,
ESTAT:TESEM050(1.0),24/02/22 23:00:00,A,EMP_LFS,T,Y55-64,PC_POP,IE,2016,56.7,
ESTAT:TESEM050(1.0),24/02/22 23:00:00,A,EMP_LFS,T,Y55-64,PC_POP,IE,2017,58.3,
ESTAT:TESEM050(1.0),24/02/22 23:00:00,A,EMP_LFS,T,Y55-64,PC_POP,IE,2018,60.2,
ESTAT:TESEM050(1.0),24/02/22 23:00:00,A,EMP_LFS,T,Y55-64,PC_POP,IE,2019,61.7,
ESTAT:TESEM050(1.0),24/02/22 23:00:00,A,EMP_LFS,T,Y55-64,PC_POP,IE,2020,60.7,
ESTAT:TESEM050(1.0),24/02/22 23:00:00,A,EMP_LFS,T,Y55-64,PC_POP,IS,2009,80.2,
ESTAT:TESEM050(1.0),24/02/22 23:00:00,A,EMP_LFS,T,Y55-64,PC_POP,IS,2010,79.8,
ESTAT:TESEM050(1.0),24/02/22 23:00:00,A,EMP_LFS,T,Y55-64,PC_POP,IS,2011,79.2,
ESTAT:TESEM050(1.0),24/02/22 23:00:00,A,EMP_LFS,T,Y55-64,PC_POP,IS,2012,79.1,
ESTAT:TESEM050(1.0),24/02/22 23:00:00,A,EMP_LFS,T,Y55-64,PC_POP,IS,2013,81.1,
ESTAT:TESEM050(1.0),24/02/22 23:00:00,A,EMP_LFS,T,Y55-64,PC_POP,IS,2014,84.8,
ESTAT:TESEM050(1.0),24/02/22 23:00:00,A,EMP_LFS,T,Y55-64,PC_POP,IS,2015,84.8,
ESTAT:TESEM050(1.0),24/02/22 23:00:00,A,EMP_LFS,T,Y55-64,PC_POP,IS,2016,84.6,
ESTAT:TESEM050(1.0),24/02/22 23:00:00,A,EMP_LFS,T,Y55-64,PC_POP,IS,2017,83.9,
ESTAT:TESEM050(1.0),24/02/22 23:00:00,A,EMP_LFS,T,Y55-64,PC_POP,IS,2018,80.7,
ESTAT:TESEM050(1.0),24/02/22 23:00:00,A,EMP_LFS,T,Y55-64,PC_POP,IS,2019,81.2,
ESTAT:TESEM050(1.0),24/02/22 23:00:00,A,EMP_LFS,T,Y55-64,PC_POP,IS,2020,79.3,b
ESTAT:TESEM050(1.0),24/02/22 23:00:00,A,EMP_LFS,T,Y55-64,PC_POP,IT,2009,35.3,
ESTAT:TESEM050(1.0),24/02/22 23:00:00,A,EMP_LFS,T,Y55-64,PC_POP,IT,2010,36.2,
ESTAT:TESEM050(1.0),24/02/22 23:00:00,A,EMP_LFS,T,Y55-64,PC_POP,IT,2011,37.5,
ESTAT:TESEM050(1.0),24/02/22 23:00:00,A,EMP_LFS,T,Y55-64,PC_POP,IT,2012,39.9,
ESTAT:TESEM050(1.0),24/02/22 23:00:00,A,EMP_LFS,T,Y55-64,PC_POP,IT,2013,42.2,
ESTAT:TESEM050(1.0),24/02/22 23:00:00,A,EMP_LFS,T,Y55-64,PC_POP,IT,2014,45.9,
ESTAT:TESEM050(1.0),24/02/22 23:00:00,A,EMP_LFS,T,Y55-64,PC_POP,IT,2015,47.8,
ESTAT:TESEM050(1.0),24/02/22 23:00:00,A,EMP_LFS,T,Y55-64,PC_POP,IT,2016,49.9,
ESTAT:TESEM050(1.0),24/02/22 23:00:00,A,EMP_LFS,T,Y55-64,PC_POP,IT,2017,51.9,
ESTAT:TESEM050(1.0),24/02/22 23:00:00,A,EMP_LFS,T,Y55-64,PC_POP,IT,2018,53.4,
ESTAT:TESEM050(1.0),24/02/22 23:00:00,A,EMP_LFS,T,Y55-64,PC_POP,IT,2019,54.0,
ESTAT:TESEM050(1.0),24/02/22 23:00:00,A,EMP_LFS,T,Y55-64,PC_POP,IT,2020,53.4,
ESTAT:TESEM050(1.0),24/02/22 23:00:00,A,EMP_LFS,T,Y55-64,PC_POP,LT,2009,51.2,
ESTAT:TESEM050(1.0),24/02/22 23:00:00,A,EMP_LFS,T,Y55-64,PC_POP,LT,2010,48.3,
ESTAT:TESEM050(1.0),24/02/22 23:00:00,A,EMP_LFS,T,Y55-64,PC_POP,LT,2011,50.2,
ESTAT:TESEM050(1.0),24/02/22 23:00:00,A,EMP_LFS,T,Y55-64,PC_POP,LT,2012,51.7,
ESTAT:TESEM050(1.0),24/02/22 23:00:00,A,EMP_LFS,T,Y55-64,PC_POP,LT,2013,53.4,
ESTAT:TESEM050(1.0),24/02/22 23:00:00,A,EMP_LFS,T,Y55-64,PC_POP,LT,2014,56.2,
ESTAT:TESEM050(1.0),24/02/22 23:00:00,A,EMP_LFS,T,Y55-64,PC_POP,LT,2015,60.4,
ESTAT:TESEM050(1.0),24/02/22 23:00:00,A,EMP_LFS,T,Y55-64,PC_POP,LT,2016,64.6,
ESTAT:TESEM050(1.0),24/02/22 23:00:00,A,EMP_LFS,T,Y55-64,PC_POP,LT,2017,66.1,
ESTAT:TESEM050(1.0),24/02/22 23:00:00,A,EMP_LFS,T,Y55-64,PC_POP,LT,2018,68.5,
ESTAT:TESEM050(1.0),24/02/22 23:00:00,A,EMP_LFS,T,Y55-64,PC_POP,LT,2019,68.4,
ESTAT:TESEM050(1.0),24/02/22 23:00:00,A,EMP_LFS,T,Y55-64,PC_POP,LT,2020,67.6,
ESTAT:TESEM050(1.0),24/02/22 23:00:00,A,EMP_LFS,T,Y55-64,PC_POP,LU,2009,38.2,
ESTAT:TESEM050(1.0),24/02/22 23:00:00,A,EMP_LFS,T,Y55-64,PC_POP,LU,2010,39.6,
ESTAT:TESEM050(1.0),24/02/22 23:00:00,A,EMP_LFS,T,Y55-64,PC_POP,LU,2011,39.3,
ESTAT:TESEM050(1.0),24/02/22 23:00:00,A,EMP_LFS,T,Y55-64,PC_POP,LU,2012,41.0,
ESTAT:TESEM050(1.0),24/02/22 23:00:00,A,EMP_LFS,T,Y55-64,PC_POP,LU,2013,40.5,
ESTAT:TESEM050(1.0),24/02/22 23:00:00,A,EMP_LFS,T,Y55-64,PC_POP,LU,2014,42.5,
ESTAT:TESEM050(1.0),24/02/22 23:00:00,A,EMP_LFS,T,Y55-64,PC_POP,LU,2015,38.4,b
ESTAT:TESEM050(1.0),24/02/22 23:00:00,A,EMP_LFS,T,Y55-64,PC_POP,LU,2016,39.6,
ESTAT:TESEM050(1.0),24/02/22 23:00:00,A,EMP_LFS,T,Y55-64,PC_POP,LU,2017,39.8,
ESTAT:TESEM050(1.0),24/02/22 23:00:00,A,EMP_LFS,T,Y55-64,PC_POP,LU,2018,40.5,
ESTAT:TESEM050(1.0),24/02/22 23:00:00,A,EMP_LFS,T,Y55-64,PC_POP,LU,2019,43.1,
ESTAT:TESEM050(1.0),24/02/22 23:00:00,A,EMP_LFS,T,Y55-64,PC_POP,LU,2020,44.0,
ESTAT:TESEM050(1.0),24/02/22 23:00:00,A,EMP_LFS,T,Y55-64,PC_POP,LV,2009,52.2,
ESTAT:TESEM050(1.0),24/02/22 23:00:00,A,EMP_LFS,T,Y55-64,PC_POP,LV,2010,47.5,
ESTAT:TESEM050(1.0),24/02/22 23:00:00,A,EMP_LFS,T,Y55-64,PC_POP,LV,2011,50.4,
ESTAT:TESEM050(1.0),24/02/22 23:00:00,A,EMP_LFS,T,Y55-64,PC_POP,LV,2012,52.6,
ESTAT:TESEM050(1.0),24/02/22 23:00:00,A,EMP_LFS,T,Y55-64,PC_POP,LV,2013,54.6,
ESTAT:TESEM050(1.0),24/02/22 23:00:00,A,EMP_LFS,T,Y55-64,PC_POP,LV,2014,56.3,
ESTAT:TESEM050(1.0),24/02/22 23:00:00,A,EMP_LFS,T,Y55-64,PC_POP,LV,2015,59.4,
ESTAT:TESEM050(1.0),24/02/22 23:00:00,A,EMP_LFS,T,Y55-64,PC_POP,LV,2016,61.2,
ESTAT:TESEM050(1.0),24/02/22 23:00:00,A,EMP_LFS,T,Y55-64,PC_POP,LV,2017,62.2,
ESTAT:TESEM050(1.0),24/02/22 23:00:00,A,EMP_LFS,T,Y55-64,PC_POP,LV,2018,65.3,
ESTAT:TESEM050(1.0),24/02/22 23:00:00,A,EMP_LFS,T,Y55-64,PC_POP,LV,2019,67.3,
ESTAT:TESEM050(1.0),24/02/22 23:00:00,A,EMP_LFS,T,Y55-64,PC_POP,LV,2020,68.5,
ESTAT:TESEM050(1.0),24/02/22 23:00:00,A,EMP_LFS,T,Y55-64,PC_POP,ME,2011,33.8,
ESTAT:TESEM050(1.0),24/02/22 23:00:00,A,EMP_LFS,T,Y55-64,PC_POP,ME,2012,36.1,
ESTAT:TESEM050(1.0),24/02/22 23:00:00,A,EMP_LFS,T,Y55-64,PC_POP,ME,2013,36.9,
ESTAT:TESEM050(1.0),24/02/22 23:00:00,A,EMP_LFS,T,Y55-64,PC_POP,ME,2014,38.7,
ESTAT:TESEM050(1.0),24/02/22 23:00:00,A,EMP_LFS,T,Y55-64,PC_POP,ME,2015,40.0,
ESTAT:TESEM050(1.0),24/02/22 23:00:00,A,EMP_LFS,T,Y55-64,PC_POP,ME,2016,41.2,
ESTAT:TESEM050(1.0),24/02/22 23:00:00,A,EMP_LFS,T,Y55-64,PC_POP,ME,2017,43.7,
ESTAT:TESEM050(1.0),24/02/22 23:00:00,A,EMP_LFS,T,Y55-64,PC_POP,ME,2018,46.6,
ESTAT:TESEM050(1.0),24/02/22 23:00:00,A,EMP_LFS,T,Y55-64,PC_POP,ME,2019,50.1,
ESTAT:TESEM050(1.0),24/02/22 23:00:00,A,EMP_LFS,T,Y55-64,PC_POP,ME,2020,44.2,
ESTAT:TESEM050(1.0),24/02/22 23:00:00,A,EMP_LFS,T,Y55-64,PC_POP,MK,2009,34.6,
ESTAT:TESEM050(1.0),24/02/22 23:00:00,A,EMP_LFS,T,Y55-64,PC_POP,MK,2010,34.2,
ESTAT:TESEM050(1.0),24/02/22 23:00:00,A,EMP_LFS,T,Y55-64,PC_POP,MK,2011,35.4,
ESTAT:TESEM050(1.0),24/02/22 23:00:00,A,EMP_LFS,T,Y55-64,PC_POP,MK,2012,35.4,
ESTAT:TESEM050(1.0),24/02/22 23:00:00,A,EMP_LFS,T,Y55-64,PC_POP,MK,2013,37.9,
ESTAT:TESEM050(1.0),24/02/22 23:00:00,A,EMP_LFS,T,Y55-64,PC_POP,MK,2014,38.6,
ESTAT:TESEM050(1.0),24/02/22 23:00:00,A,EMP_LFS,T,Y55-64,PC_POP,MK,2015,40.1,
ESTAT:TESEM050(1.0),24/02/22 23:00:00,A,EMP_LFS,T,Y55-64,PC_POP,MK,2016,40.7,
ESTAT:TESEM050(1.0),24/02/22 23:00:00,A,EMP_LFS,T,Y55-64,PC_POP,MK,2017,41.4,
ESTAT:TESEM050(1.0),24/02/22 23:00:00,A,EMP_LFS,T,Y55-64,PC_POP,MK,2018,42.7,
ESTAT:TESEM050(1.0),24/02/22 23:00:00,A,EMP_LFS,T,Y55-64,PC_POP,MK,2019,45.1,
ESTAT:TESEM050(1.0),24/02/22 23:00:00,A,EMP_LFS,T,Y55-64,PC_POP,MK,2020,45.7,
ESTAT:TESEM050(1.0),24/02/22 23:00:00,A,EMP_LFS,T,Y55-64,PC_POP,MT,2009,29.1,
ESTAT:TESEM050(1.0),24/02/22 23:00:00,A,EMP_LFS,T,Y55-64,PC_POP,MT,2010,31.9,
ESTAT:TESEM050(1.0),24/02/22 23:00:00,A,EMP_LFS,T,Y55-64,PC_POP,MT,2011,33.2,
ESTAT:TESEM050(1.0),24/02/22 23:00:00,A,EMP_LFS,T,Y55-64,PC_POP,MT,2012,34.7,
ESTAT:TESEM050(1.0),24/02/22 23:00:00,A,EMP_LFS,T,Y55-64,PC_POP,MT,2013,37.1,
ESTAT:TESEM050(1.0),24/02/22 23:00:00,A,EMP_LFS,T,Y55-64,PC_POP,MT,2014,39.5,
ESTAT:TESEM050(1.0),24/02/22 23:00:00,A,EMP_LFS,T,Y55-64,PC_POP,MT,2015,42.3,
ESTAT:TESEM050(1.0),24/02/22 23:00:00,A,EMP_LFS,T,Y55-64,PC_POP,MT,2016,45.8,
ESTAT:TESEM050(1.0),24/02/22 23:00:00,A,EMP_LFS,T,Y55-64,PC_POP,MT,2017,47.2,
ESTAT:TESEM050(1.0),24/02/22 23:00:00,A,EMP_LFS,T,Y55-64,PC_POP,MT,2018,50.2,
ESTAT:TESEM050(1.0),24/02/22 23:00:00,A,EMP_LFS,T,Y55-64,PC_POP,MT,2019,51.1,
ESTAT:TESEM050(1.0),24/02/22 23:00:00,A,EMP_LFS,T,Y55-64,PC_POP,MT,2020,52.7,
ESTAT:TESEM050(1.0),24/02/22 23:00:00,A,EMP_LFS,T,Y55-64,PC_POP,NL,2009,51.6,
ESTAT:TESEM050(1.0),24/02/22 23:00:00,A,EMP_LFS,T,Y55-64,PC_POP,NL,2010,52.6,
ESTAT:TESEM050(1.0),24/02/22 23:00:00,A,EMP_LFS,T,Y55-64,PC_POP,NL,2011,55.0,
ESTAT:TESEM050(1.0),24/02/22 23:00:00,A,EMP_LFS,T,Y55-64,PC_POP,NL,2012,57.4,
ESTAT:TESEM050(1.0),24/02/22 23:00:00,A,EMP_LFS,T,Y55-64,PC_POP,NL,2013,59.0,
ESTAT:TESEM050(1.0),24/02/22 23:00:00,A,EMP_LFS,T,Y55-64,PC_POP,NL,2014,59.6,
ESTAT:TESEM050(1.0),24/02/22 23:00:00,A,EMP_LFS,T,Y55-64,PC_POP,NL,2015,61.5,
ESTAT:TESEM050(1.0),24/02/22 23:00:00,A,EMP_LFS,T,Y55-64,PC_POP,NL,2016,63.3,
ESTAT:TESEM050(1.0),24/02/22 23:00:00,A,EMP_LFS,T,Y55-64,PC_POP,NL,2017,65.4,
ESTAT:TESEM050(1.0),24/02/22 23:00:00,A,EMP_LFS,T,Y55-64,PC_POP,NL,2018,67.5,
ESTAT:TESEM050(1.0),24/02/22 23:00:00,A,EMP_LFS,T,Y55-64,PC_POP,NL,2019,69.5,
ESTAT:TESEM050(1.0),24/02/22 23:00:00,A,EMP_LFS,T,Y55-64,PC_POP,NL,2020,70.8,
ESTAT:TESEM050(1.0),24/02/22 23:00:00,A,EMP_LFS,T,Y55-64,PC_POP,NO,2009,68.7,
ESTAT:TESEM050(1.0),24/02/22 23:00:00,A,EMP_LFS,T,Y55-64,PC_POP,NO,2010,68.6,
ESTAT:TESEM050(1.0),24/02/22 23:00:00,A,EMP_LFS,T,Y55-64,PC_POP,NO,2011,69.6,
ESTAT:TESEM050(1.0),24/02/22 23:00:00,A,EMP_LFS,T,Y55-64,PC_POP,NO,2012,70.9,
ESTAT:TESEM050(1.0),24/02/22 23:00:00,A,EMP_LFS,T,Y55-64,PC_POP,NO,2013,71.1,
ESTAT:TESEM050(1.0),24/02/22 23:00:00,A,EMP_LFS,T,Y55-64,PC_POP,NO,2014,72.2,
ESTAT:TESEM050(1.0),24/02/22 23:00:00,A,EMP_LFS,T,Y55-64,PC_POP,NO,2015,72.2,
ESTAT:TESEM050(1.0),24/02/22 23:00:00,A,EMP_LFS,T,Y55-64,PC_POP,NO,2016,72.6,
ESTAT:TESEM050(1.0),24/02/22 23:00:00,A,EMP_LFS,T,Y55-64,PC_POP,NO,2017,71.9,
ESTAT:TESEM050(1.0),24/02/22 23:00:00,A,EMP_LFS,T,Y55-64,PC_POP,NO,2018,72.0,
ESTAT:TESEM050(1.0),24/02/22 23:00:00,A,EMP_LFS,T,Y55-64,PC_POP,NO,2019,72.8,
ESTAT:TESEM050(1.0),24/02/22 23:00:00,A,EMP_LFS,T,Y55-64,PC_POP,NO,2020,72.8,
ESTAT:TESEM050(1.0),24/02/22 23:00:00,A,EMP_LFS,T,Y55-64,PC_POP,PL,2009,31.1,
ESTAT:TESEM050(1.0),24/02/22 23:00:00,A,EMP_LFS,T,Y55-64,PC_POP,PL,2010,32.9,b
ESTAT:TESEM050(1.0),24/02/22 23:00:00,A,EMP_LFS,T,Y55-64,PC_POP,PL,2011,35.7,
ESTAT:TESEM050(1.0),24/02/22 23:00:00,A,EMP_LFS,T,Y55-64,PC_POP,PL,2012,37.6,
ESTAT:TESEM050(1.0),24/02/22 23:00:00,A,EMP_LFS,T,Y55-64,PC_POP,PL,2013,39.5,
ESTAT:TESEM050(1.0),24/02/22 23:00:00,A,EMP_LFS,T,Y55-64,PC_POP,PL,2014,41.4,
ESTAT:TESEM050(1.0),24/02/22 23:00:00,A,EMP_LFS,T,Y55-64,PC_POP,PL,2015,43.4,
ESTAT:TESEM050(1.0),24/02/22 23:00:00,A,EMP_LFS,T,Y55-64,PC_POP,PL,2016,45.4,
ESTAT:TESEM050(1.0),24/02/22 23:00:00,A,EMP_LFS,T,Y55-64,PC_POP,PL,2017,47.7,
ESTAT:TESEM050(1.0),24/02/22 23:00:00,A,EMP_LFS,T,Y55-64,PC_POP,PL,2018,48.4,
ESTAT:TESEM050(1.0),24/02/22 23:00:00,A,EMP_LFS,T,Y55-64,PC_POP,PL,2019,49.0,
ESTAT:TESEM050(1.0),24/02/22 23:00:00,A,EMP_LFS,T,Y55-64,PC_POP,PL,2020,51.1,
ESTAT:TESEM050(1.0),24/02/22 23:00:00,A,EMP_LFS,T,Y55-64,PC_POP,PT,2009,43.0,
ESTAT:TESEM050(1.0),24/02/22 23:00:00,A,EMP_LFS,T,Y55-64,PC_POP,PT,2010,42.8,
ESTAT:TESEM050(1.0),24/02/22 23:00:00,A,EMP_LFS,T,Y55-64,PC_POP,PT,2011,41.5,
ESTAT:TESEM050(1.0),24/02/22 23:00:00,A,EMP_LFS,T,Y55-64,PC_POP,PT,2012,40.0,
ESTAT:TESEM050(1.0),24/02/22 23:00:00,A,EMP_LFS,T,Y55-64,PC_POP,PT,2013,41.3,
ESTAT:TESEM050(1.0),24/02/22 23:00:00,A,EMP_LFS,T,Y55-64,PC_POP,PT,2014,43.3,
ESTAT:TESEM050(1.0),24/02/22 23:00:00,A,EMP_LFS,T,Y55-64,PC_POP,PT,2015,46.2,
ESTAT:TESEM050(1.0),24/02/22 23:00:00,A,EMP_LFS,T,Y55-64,PC_POP,PT,2016,48.8,
ESTAT:TESEM050(1.0),24/02/22 23:00:00,A,EMP_LFS,T,Y55-64,PC_POP,PT,2017,53.5,
ESTAT:TESEM050(1.0),24/02/22 23:00:00,A,EMP_LFS,T,Y55-64,PC_POP,PT,2018,57.2,
ESTAT:TESEM050(1.0),24/02/22 23:00:00,A,EMP_LFS,T,Y55-64,PC_POP,PT,2019,58.5,
ESTAT:TESEM050(1.0),24/02/22 23:00:00,A,EMP_LFS,T,Y55-64,PC_POP,PT,2020,59.0,
ESTAT:TESEM050(1.0),24/02/22 23:00:00,A,EMP_LFS,T,Y55-64,PC_POP,RO,2009,32.6,
ESTAT:TESEM050(1.0),24/02/22 23:00:00,A,EMP_LFS,T,Y55-64,PC_POP,RO,2010,29.3,
ESTAT:TESEM050(1.0),24/02/22 23:00:00,A,EMP_LFS,T,Y55-64,PC_POP,RO,2011,29.3,
ESTAT:TESEM050(1.0),24/02/22 23:00:00,A,EMP_LFS,T,Y55-64,PC_POP,RO,2012,30.9,
ESTAT:TESEM050(1.0),24/02/22 23:00:00,A,EMP_LFS,T,Y55-64,PC_POP,RO,2013,31.5,
ESTAT:TESEM050(1.0),24/02/22 23:00:00,A,EMP_LFS,T,Y55-64,PC_POP,RO,2014,33.0,
ESTAT:TESEM050(1.0),24/02/22 23:00:00,A,EMP_LFS,T,Y55-64,PC_POP,RO,2015,32.7,
ESTAT:TESEM050(1.0),24/02/22 23:00:00,A,EMP_LFS,T,Y55-64,PC_POP,RO,2016,35.3,
ESTAT:TESEM050(1.0),24/02/22 23:00:00,A,EMP_LFS,T,Y55-64,PC_POP,RO,2017,36.9,
ESTAT:TESEM050(1.0),24/02/22 23:00:00,A,EMP_LFS,T,Y55-64,PC_POP,RO,2018,38.6,
ESTAT:TESEM050(1.0),24/02/22 23:00:00,A,EMP_LFS,T,Y55-64,PC_POP,RO,2019,40.4,
ESTAT:TESEM050(1.0),24/02/22 23:00:00,A,EMP_LFS,T,Y55-64,PC_POP,RO,2020,41.5,
ESTAT:TESEM050(1.0),24/02/22 23:00:00,A,EMP_LFS,T,Y55-64,PC_POP,RS,2010,27.2,
ESTAT:TESEM050(1.0),24/02/22 23:00:00,A,EMP_LFS,T,Y55-64,PC_POP,RS,2011,26.3,
ESTAT:TESEM050(1.0),24/02/22 23:00:00,A,EMP_LFS,T,Y55-64,PC_POP,RS,2012,26.7,
ESTAT:TESEM050(1.0),24/02/22 23:00:00,A,EMP_LFS,T,Y55-64,PC_POP,RS,2013,29.1,
ESTAT:TESEM050(1.0),24/02/22 23:00:00,A,EMP_LFS,T,Y55-64,PC_POP,RS,2014,33.9,
ESTAT:TESEM050(1.0),24/02/22 23:00:00,A,EMP_LFS,T,Y55-64,PC_POP,RS,2015,34.5,
ESTAT:TESEM050(1.0),24/02/22 23:00:00,A,EMP_LFS,T,Y55-64,PC_POP,RS,2016,39.6,
ESTAT:TESEM050(1.0),24/02/22 23:00:00,A,EMP_LFS,T,Y55-64,PC_POP,RS,2017,42.2,
ESTAT:TESEM050(1.0),24/02/22 23:00:00,A,EMP_LFS,T,Y55-64,PC_POP,RS,2018,43.2,
ESTAT:TESEM050(1.0),24/02/22 23:00:00,A,EMP_LFS,T,Y55-64,PC_POP,RS,2019,46.6,
ESTAT:TESEM050(1.0),24/02/22 23:00:00,A,EMP_LFS,T,Y55-64,PC_POP,RS,2020,48.6,
ESTAT:TESEM050(1.0),24/02/22 23:00:00,A,EMP_LFS,T,Y55-64,PC_POP,SE,2009,69.4,
ESTAT:TESEM050(1.0),24/02/22 23:00:00,A,EMP_LFS,T,Y55-64,PC_POP,SE,2010,69.9,
ESTAT:TESEM050(1.0),24/02/22 23:00:00,A,EMP_LFS,T,Y55-64,PC_POP,SE,2011,71.4,
ESTAT:TESEM050(1.0),24/02/22 23:00:00,A,EMP_LFS,T,Y55-64,PC_POP,SE,2012,72.3,
ESTAT:TESEM050(1.0),24/02/22 23:00:00,A,EMP_LFS,T,Y55-64,PC_POP,SE,2013,73.0,
ESTAT:TESEM050(1.0),24/02/22 23:00:00,A,EMP_LFS,T,Y55-64,PC_POP,SE,2014,73.4,
ESTAT:TESEM050(1.0),24/02/22 23:00:00,A,EMP_LFS,T,Y55-64,PC_POP,SE,2015,73.9,
ESTAT:TESEM050(1.0),24/02/22 23:00:00,A,EMP_LFS,T,Y55-64,PC_POP,SE,2016,74.9,
ESTAT:TESEM050(1.0),24/02/22 23:00:00,A,EMP_LFS,T,Y55-64,PC_POP,SE,2017,75.9,
ESTAT:TESEM050(1.0),24/02/22 23:00:00,A,EMP_LFS,T,Y55-64,PC_POP,SE,2018,77.3,b
ESTAT:TESEM050(1.0),24/02/22 23:00:00,A,EMP_LFS,T,Y55-64,PC_POP,SE,2019,77.0,
ESTAT:TESEM050(1.0),24/02/22 23:00:00,A,EMP_LFS,T,Y55-64,PC_POP,SE,2020,76.9,
ESTAT:TESEM050(1.0),24/02/22 23:00:00,A,EMP_LFS,T,Y55-64,PC_POP,SI,2009,35.3,
ESTAT:TESEM050(1.0),24/02/22 23:00:00,A,EMP_LFS,T,Y55-64,PC_POP,SI,2010,34.7,
ESTAT:TESEM050(1.0),24/02/22 23:00:00,A,EMP_LFS,T,Y55-64,PC_POP,SI,2011,30.9,
ESTAT:TESEM050(1.0),24/02/22 23:00:00,A,EMP_LFS,T,Y55-64,PC_POP,SI,2012,32.6,
ESTAT:TESEM050(1.0),24/02/22 23:00:00,A,EMP_LFS,T,Y55-64,PC_POP,SI,2013,33.2,
ESTAT:TESEM050(1.0),24/02/22 23:00:00,A,EMP_LFS,T,Y55-64,PC_POP,SI,2014,35.1,
ESTAT:TESEM050(1.0),24/02/22 23:00:00,A,EMP_LFS,T,Y55-64,PC_POP,SI,2015,36.3,
ESTAT:TESEM050(1.0),24/02/22 23:00:00,A,EMP_LFS,T,Y55-64,PC_POP,SI,2016,38.2,
ESTAT:TESEM050(1.0),24/02/22 23:00:00,A,EMP_LFS,T,Y55-64,PC_POP,SI,2017,42.4,
ESTAT:TESEM050(1.0),24/02/22 23:00:00,A,EMP_LFS,T,Y55-64,PC_POP,SI,2018,46.7,
ESTAT:TESEM050(1.0),24/02/22 23:00:00,A,EMP_LFS,T,Y55-64,PC_POP,SI,2019,48.2,
ESTAT:TESEM050(1.0),24/02/22 23:00:00,A,EMP_LFS,T,Y55-64,PC_POP,SI,2020,49.9,
ESTAT:TESEM050(1.0),24/02/22 23:00:00,A,EMP_LFS,T,Y55-64,PC_POP,SK,2009,40.4,
ESTAT:TESEM050(1.0),24/02/22 23:00:00,A,EMP_LFS,T,Y55-64,PC_POP,SK,2010,41.5,
ESTAT:TESEM050(1.0),24/02/22 23:00:00,A,EMP_LFS,T,Y55-64,PC_POP,SK,2011,42.4,b
ESTAT:TESEM050(1.0),24/02/22 23:00:00,A,EMP_LFS,T,Y55-64,PC_POP,SK,2012,44.2,
ESTAT:TESEM050(1.0),24/02/22 23:00:00,A,EMP_LFS,T,Y55-64,PC_POP,SK,2013,45.2,
ESTAT:TESEM050(1.0),24/02/22 23:00:00,A,EMP_LFS,T,Y55-64,PC_POP,SK,2014,46.0,
ESTAT:TESEM050(1.0),24/02/22 23:00:00,A,EMP_LFS,T,Y55-64,PC_POP,SK,2015,48.3,
ESTAT:TESEM050(1.0),24/02/22 23:00:00,A,EMP_LFS,T,Y55-64,PC_POP,SK,2016,50.5,
ESTAT:TESEM050(1.0),24/02/22 23:00:00,A,EMP_LFS,T,Y55-64,PC_POP,SK,2017,54.6,
ESTAT:TESEM050(1.0),24/02/22 23:00:00,A,EMP_LFS,T,Y55-64,PC_POP,SK,2018,55.9,
ESTAT:TESEM050(1.0),24/02/22 23:00:00,A,EMP_LFS,T,Y55-64,PC_POP,SK,2019,58.8,
ESTAT:TESEM050(1.0),24/02/22 23:00:00,A,EMP_LFS,T,Y55-64,PC_POP,SK,2020,60.2,
ESTAT:TESEM050(1.0),24/02/22 23:00:00,A,EMP_LFS,T,Y55-64,PC_POP,TR,2009,28.2,
ESTAT:TESEM050(1.0),24/02/22 23:00:00,A,EMP_LFS,T,Y55-64,PC_POP,TR,2010,29.6,
ESTAT:TESEM050(1.0),24/02/22 23:00:00,A,EMP_LFS,T,Y55-64,PC_POP,TR,2011,31.4,
ESTAT:TESEM050(1.0),24/02/22 23:00:00,A,EMP_LFS,T,Y55-64,PC_POP,TR,2012,31.9,
ESTAT:TESEM050(1.0),24/02/22 23:00:00,A,EMP_LFS,T,Y55-64,PC_POP,TR,2013,31.5,
ESTAT:TESEM050(1.0),24/02/22 23:00:00,A,EMP_LFS,T,Y55-64,PC_POP,TR,2014,31.4,b
ESTAT:TESEM050(1.0),24/02/22 23:00:00,A,EMP_LFS,T,Y55-64,PC_POP,TR,2015,31.8,
ESTAT:TESEM050(1.0),24/02/22 23:00:00,A,EMP_LFS,T,Y55-64,PC_POP,TR,2016,33.4,
ESTAT:TESEM050(1.0),24/02/22 23:00:00,A,EMP_LFS,T,Y55-64,PC_POP,TR,2017,34.4,
ESTAT:TESEM050(1.0),24/02/22 23:00:00,A,EMP_LFS,T,Y55-64,PC_POP,TR,2018,35.3,
ESTAT:TESEM050(1.0),24/02/22 23:00:00,A,EMP_LFS,T,Y55-64,PC_POP,TR,2019,33.6,
ESTAT:TESEM050(1.0),24/02/22 23:00:00,A,EMP_LFS,T,Y55-64,PC_POP,TR,2020,31.1,
